{"8a0af826-b6cc-4171-befa-70e74059eb03": {"user_id": "user123", "created_at": 1756966293.3364623, "last_accessed": 1756966306.3397093}}