{
    "3df6e8b6-8f11-4fbe-83ac-fcc20d72ee79": {
        "user_id": "user123",
        "created_at": 1756967927.9051661,
        "last_accessed": 1756967940.9092503
    }
}